# MLA code objects exported from FlyDSL kernels, kept apart from the hand-written
# asm in ../mla. Persistent page-size-1 FP8 decode stage 1 from
# aiter/ops/flydsl/kernels/mla_gfx1250/mla_pagesize1_fp8_fp8.py, served by
# mla_ps1_fp8_asm_fwd in csrc/py_itfs_cu/asm_mla.cu.
# causal=0/1 selects masking, lse writes the un-split rows' LSE, cprr selects
# round-robin context parallelism (causal only). dyn_lds is launch-time LDS.
qType,kvType,Gqa,causal,lse,cprr,dyn_lds,knl_name,co_name
fp8,fp8,96,0,0,0,254208,_ZN5aiter37mla_a8w8_qh96_1tg_16mx6_64nx1_msk0_psE,mla_a8w8_qh96_1tg_16mx6_64nx1_msk0_ps.co
fp8,fp8,96,0,1,0,254208,_ZN5aiter41mla_a8w8_qh96_1tg_16mx6_64nx1_msk0_lse_psE,mla_a8w8_qh96_1tg_16mx6_64nx1_msk0_lse_ps.co
fp8,fp8,96,1,0,0,254208,_ZN5aiter32mla_a8w8_qh96_1tg_16mx6_64nx1_psE,mla_a8w8_qh96_1tg_16mx6_64nx1_ps.co
fp8,fp8,96,1,1,0,254208,_ZN5aiter36mla_a8w8_qh96_1tg_16mx6_64nx1_lse_psE,mla_a8w8_qh96_1tg_16mx6_64nx1_lse_ps.co
fp8,fp8,96,1,0,1,254208,_ZN5aiter37mla_a8w8_qh96_1tg_16mx6_64nx1_cprr_psE,mla_a8w8_qh96_1tg_16mx6_64nx1_cprr_ps.co
fp8,fp8,96,1,1,1,254208,_ZN5aiter41mla_a8w8_qh96_1tg_16mx6_64nx1_lse_cprr_psE,mla_a8w8_qh96_1tg_16mx6_64nx1_lse_cprr_ps.co
